{"cameraMode":{"drawMode":0,"name":"Shaded","section":"Shading Mode"},"sceneLighting":false,"audioPlay":false,"sceneViewState":{"m_AlwaysRefresh":false,"showFog":true,"showSkybox":false,"showFlares":true,"showImageEffects":true,"showParticleSystems":true,"showVisualEffectGraphs":true,"m_FxEnabled":true},"in2DMode":false,"pivot":{"x":0.0357169508934021,"y":0.15429699420928956,"z":0.06391751766204834},"rotation":{"x":0.0945911705493927,"y":0.040300749242305759,"z":-0.0038334541022777559,"w":0.9946920871734619},"size":0.7996113896369934,"orthographic":false}