{"cameraMode":{"drawMode":0,"name":"Shaded","section":"Shading Mode"},"sceneLighting":true,"audioPlay":false,"sceneViewState":{"m_AlwaysRefresh":false,"showFog":true,"showSkybox":false,"showFlares":true,"showImageEffects":true,"showParticleSystems":true,"showVisualEffectGraphs":true,"m_FxEnabled":true},"in2DMode":false,"pivot":{"x":-31.030458450317384,"y":-18.767478942871095,"z":20.495969772338868},"rotation":{"x":-0.2186809629201889,"y":0.45812082290649416,"z":-0.11737433075904846,"w":-0.8535418510437012},"size":24.595125198364259,"orthographic":false}