{"cameraMode":{"drawMode":0,"name":"Shaded","section":"Shading Mode"},"sceneLighting":false,"audioPlay":false,"sceneViewState":{"m_AlwaysRefresh":false,"showFog":true,"showSkybox":false,"showFlares":true,"showImageEffects":true,"showParticleSystems":true,"showVisualEffectGraphs":true,"m_FxEnabled":true},"in2DMode":false,"pivot":{"x":-1.853617548942566,"y":-7.974553108215332,"z":-18.90825080871582},"rotation":{"x":-0.0026919879019260408,"y":0.00032583001302555203,"z":0.0007857414311729372,"w":1.0001493692398072},"size":0.7595562934875488,"orthographic":true}