{"cameraMode":{"drawMode":0,"name":"Shaded","section":"Shading Mode"},"sceneLighting":true,"audioPlay":false,"sceneViewState":{"m_AlwaysRefresh":false,"showFog":true,"showSkybox":true,"showFlares":true,"showImageEffects":true,"showParticleSystems":true,"showVisualEffectGraphs":true,"m_FxEnabled":true},"in2DMode":false,"pivot":{"x":-4.048689842224121,"y":0.3463740348815918,"z":-2.5006046295166017},"rotation":{"x":0.05703618749976158,"y":-0.4727213978767395,"z":0.030679769814014436,"w":0.8788299560546875},"size":12.479886054992676,"orthographic":false}