{"cameraMode":{"drawMode":0,"name":"Shaded","section":"Shading Mode"},"sceneLighting":true,"audioPlay":false,"sceneViewState":{"m_AlwaysRefresh":false,"showFog":true,"showSkybox":true,"showFlares":true,"showImageEffects":true,"showParticleSystems":true,"showVisualEffectGraphs":true,"m_FxEnabled":true},"in2DMode":false,"pivot":{"x":13.736531257629395,"y":-199.86061096191407,"z":-18.887521743774415},"rotation":{"x":0.6356727480888367,"y":-0.0073754433542490009,"z":0.007045982871204615,"w":0.7720823884010315},"size":112.80711364746094,"orthographic":false}