{"cameraMode":{"drawMode":0,"name":"Shaded","section":"Shading Mode"},"sceneLighting":true,"audioPlay":false,"sceneViewState":{"m_AlwaysRefresh":false,"showFog":true,"showSkybox":false,"showFlares":true,"showImageEffects":true,"showParticleSystems":true,"showVisualEffectGraphs":true,"m_FxEnabled":true},"in2DMode":false,"pivot":{"x":-26.999544143676759,"y":-21.903879165649415,"z":20.576833724975587},"rotation":{"x":-0.26877081394195559,"y":0.42442405223846438,"z":-0.13353170454502107,"w":-0.8542883396148682},"size":24.595125198364259,"orthographic":false}